序号,链接,节点数
0,https://clashnode.com/wp-content/uploads/2025/05/20250519.txt,0
1,https://nodefree.org/dy/2025/05/20250519.yaml,28
2,https://oneclash.cc/wp-content/uploads/2025/05/20250519.txt,35
3,https://v2rayshare.com/wp-content/uploads/2025/05/20250519.txt,50
4,https://wefound.cc/freenode/2025/05/20250517.txt,0
5,https://prop.cf/?name=paimon&client=base64,0
6,https://prop.cf/?name=paimon&client=clash,0
7,https://raw.githubusercontent.com/abshare/abshare.github.io/main/README.md,62
8,https://raw.githubusercontent.com/aiboboxx/v2rayfree/main/v2,487
9,https://raw.githubusercontent.com/freefq/free/master/v2,15
10,https://raw.githubusercontent.com/mianfeifq/share/main/README.md,0
11,https://raw.githubusercontent.com/mksshare/mksshare.github.io/main/README.md,76
12,https://raw.githubusercontent.com/ripaojiedian/freenode/main/clash,0
13,https://raw.githubusercontent.com/ripaojiedian/freenode/main/sub,24
14,dynamic://kkzui,0
15,dynamic://sharkdoor,12

总计,,78
